{
  "0": {"L":1, "M":49.8842, "S":0.03795},
  "1": {"L":1, "M":54.7244, "S":0.03557},
  "2": {"L":1, "M":58.4249, "S":0.03424},
  "3": {"L":1, "M":61.4292, "S":0.03328},
  "4": {"L":1, "M":63.886, "S":0.03257},
  "5": {"L":1, "M":65.9026, "S":0.03204},
  "6": {"L":1, "M":67.6236, "S":0.03165},
  "7": {"L":1, "M":69.1645, "S":0.03139},
  "8": {"L":1, "M":70.5994, "S":0.03124},
  "9": {"L":1, "M":71.9687, "S":0.03117},
  "10": {"L":1, "M":73.2812, "S":0.03118},
  "11": {"L":1, "M":74.5388, "S":0.03125},
  "12": {"L":1, "M":75.7488, "S":0.03137},
  "13": {"L":1, "M":76.9186, "S":0.03154},
  "14": {"L":1, "M":78.0497, "S":0.03174},
  "15": {"L":1, "M":79.1458, "S":0.03197},
  "16": {"L":1, "M":80.2113, "S":0.03222},
  "17": {"L":1, "M":81.2487, "S":0.0325},
  "18": {"L":1, "M":82.2587, "S":0.03279},
  "19": {"L":1, "M":83.2418, "S":0.0331},
  "20": {"L":1, "M":84.1996, "S":0.03342},
  "21": {"L":1, "M":85.1348, "S":0.03376},
  "22": {"L":1, "M":86.0477, "S":0.0341},
  "23": {"L":1, "M":86.941, "S":0.03445},
  "24": {"L":1, "M":87.8161, "S":0.03479},
  "25": {"L":1, "M":87.972, "S":0.03542},
  "26": {"L":1, "M":88.8065, "S":0.03576},
  "27": {"L":1, "M":89.6197, "S":0.0361},
  "28": {"L":1, "M":90.412, "S":0.03642},
  "29": {"L":1, "M":91.1828, "S":0.03674},
  "30": {"L":1, "M":91.9327, "S":0.03704},
  "31": {"L":1, "M":92.6631, "S":0.03733},
  "32": {"L":1, "M":93.3753, "S":0.03761},
  "33": {"L":1, "M":94.0711, "S":0.03787},
  "34": {"L":1, "M":94.7532, "S":0.03812},
  "35": {"L":1, "M":95.4236, "S":0.03836},
  "36": {"L":1, "M":96.0835, "S":0.03858},
  "37": {"L":1, "M":96.7337, "S":0.03879},
  "38": {"L":1, "M":97.3749, "S":0.039},
  "39": {"L":1, "M":98.0073, "S":0.03919},
  "40": {"L":1, "M":98.631, "S":0.03937},
  "41": {"L":1, "M":99.2459, "S":0.03954},
  "42": {"L":1, "M":99.8515, "S":0.03971},
  "43": {"L":1, "M":100.4485, "S":0.03986},
  "44": {"L":1, "M":101.0374, "S":0.04002},
  "45": {"L":1, "M":101.6186, "S":0.04016},
  "46": {"L":1, "M":102.1933, "S":0.04031},
  "47": {"L":1, "M":102.7625, "S":0.04045},
  "48": {"L":1, "M":103.3273, "S":0.04059},
  "49": {"L":1, "M":103.8886, "S":0.04073},
  "50": {"L":1, "M":104.4473, "S":0.04086},
  "51": {"L":1, "M":105.0041, "S":0.041},
  "52": {"L":1, "M":105.5596, "S":0.04113},
  "53": {"L":1, "M":106.1138, "S":0.04126},
  "54": {"L":1, "M":106.6668, "S":0.04139},
  "55": {"L":1, "M":107.2188, "S":0.04152},
  "56": {"L":1, "M":107.7697, "S":0.04165},
  "57": {"L":1, "M":108.3198, "S":0.04177},
  "58": {"L":1, "M":108.8689, "S":0.0419},
  "59": {"L":1, "M":109.417, "S":0.04202},
  "60": {"L":1, "M":109.9638, "S":0.04214}
}
