{
  "0": {"L":1, "M":49.1477, "S":0.0379},
  "1": {"L":1, "M":53.6872, "S":0.0364},
  "2": {"L":1, "M":57.0673, "S":0.03568},
  "3": {"L":1, "M":59.8029, "S":0.0352},
  "4": {"L":1, "M":62.0899, "S":0.03486},
  "5": {"L":1, "M":64.0301, "S":0.03463},
  "6": {"L":1, "M":65.7311, "S":0.03448},
  "7": {"L":1, "M":67.2873, "S":0.03441},
  "8": {"L":1, "M":68.7498, "S":0.0344},
  "9": {"L":1, "M":70.1435, "S":0.03444},
  "10": {"L":1, "M":71.4818, "S":0.03452},
  "11": {"L":1, "M":72.771, "S":0.03464},
  "12": {"L":1, "M":74.015, "S":0.03479},
  "13": {"L":1, "M":75.2176, "S":0.03496},
  "14": {"L":1, "M":76.3817, "S":0.03514},
  "15": {"L":1, "M":77.5099, "S":0.03534},
  "16": {"L":1, "M":78.6055, "S":0.03555},
  "17": {"L":1, "M":79.671, "S":0.03576},
  "18": {"L":1, "M":80.7079, "S":0.03598},
  "19": {"L":1, "M":81.7182, "S":0.0362},
  "20": {"L":1, "M":82.7036, "S":0.03643},
  "21": {"L":1, "M":83.6654, "S":0.03666},
  "22": {"L":1, "M":84.604, "S":0.03688},
  "23": {"L":1, "M":85.5202, "S":0.03711},
  "24": {"L":1, "M":86.4153, "S":0.03734},
  "25": {"L":1, "M":86.5904, "S":0.03786},
  "26": {"L":1, "M":87.4462, "S":0.03808},
  "27": {"L":1, "M":88.283, "S":0.0383},
  "28": {"L":1, "M":89.1004, "S":0.03851},
  "29": {"L":1, "M":89.8991, "S":0.03872},
  "30": {"L":1, "M":90.6797, "S":0.03893},
  "31": {"L":1, "M":91.443, "S":0.03913},
  "32": {"L":1, "M":92.1906, "S":0.03933},
  "33": {"L":1, "M":92.9239, "S":0.03952},
  "34": {"L":1, "M":93.6444, "S":0.03971},
  "35": {"L":1, "M":94.3533, "S":0.03989},
  "36": {"L":1, "M":95.0515, "S":0.04006},
  "37": {"L":1, "M":95.7399, "S":0.04024},
  "38": {"L":1, "M":96.4187, "S":0.04041},
  "39": {"L":1, "M":97.0885, "S":0.04057},
  "40": {"L":1, "M":97.7493, "S":0.04073},
  "41": {"L":1, "M":98.4015, "S":0.04089},
  "42": {"L":1, "M":99.0448, "S":0.04105},
  "43": {"L":1, "M":99.6795, "S":0.0412},
  "44": {"L":1, "M":100.3058, "S":0.04135},
  "45": {"L":1, "M":100.9238, "S":0.0415},
  "46": {"L":1, "M":101.5337, "S":0.04164},
  "47": {"L":1, "M":102.136, "S":0.04179},
  "48": {"L":1, "M":102.7312, "S":0.04193},
  "49": {"L":1, "M":103.3197, "S":0.04206},
  "50": {"L":1, "M":103.9021, "S":0.0422},
  "51": {"L":1, "M":104.4786, "S":0.04233},
  "52": {"L":1, "M":105.0494, "S":0.04246},
  "53": {"L":1, "M":105.6148, "S":0.04259},
  "54": {"L":1, "M":106.1748, "S":0.04272},
  "55": {"L":1, "M":106.7295, "S":0.04285},
  "56": {"L":1, "M":107.2788, "S":0.04298},
  "57": {"L":1, "M":107.8227, "S":0.0431},
  "58": {"L":1, "M":108.3613, "S":0.04322},
  "59": {"L":1, "M":108.8948, "S":0.04334},
  "60": {"L":1, "M":109.4233, "S":0.04347}
}
